servingCellID,ServingCellRSRP,Nbr1CellID,Nbr1RSRP,Nbr2CellID,Nbr2RSRP,ServCellRSRQ
0,1,41,4,41,8,33,27
1,1,49,4,38,2,35,32
2,1,36,5,34,4,33,24
3,1,41,4,37,5,37,27
4,4,49,1,45,2,38,30
5,4,40,1,43,3,30,23
6,4,45,1,39,5,37,29
7,4,39,1,37,5,34,26
8,4,36,1,35,7,35,24
9,4,52,1,41,7,36,32
10,4,47,1,37,7,37,31
11,4,46,7,39,1,31,31
12,4,40,7,38,5,33,27
13,7,34,4,37,8,35,18
14,7,38,4,32,8,32,29
15,4,38,8,33,7,33,27
16,1,51,4,40,2,36,32
17,1,39,5,35,4,32,28
18,1,42,4,39,5,35,27
19,4,51,1,47,2,38,30
20,4,44,5,38,1,38,29
21,4,43,1,37,7,33,29
22,4,40,7,38,1,32,27
23,4,52,1,43,7,37,32
24,4,48,1,39,8,37,31
25,4,46,7,37,1,32,32
26,4,47,1,36,8,34,31
27,4,41,7,37,5,34,29
28,7,39,4,30,8,30,30
29,4,38,7,34,8,32,27
30,1,47,4,36,8,32,32
31,1,42,5,35,4,33,30
32,1,42,4,43,5,35,25
33,4,44,5,36,7,35,30
34,4,46,1,40,7,34,30
35,4,41,7,39,1,31,28
36,4,54,1,45,7,39,32
37,4,50,1,43,8,41,31
38,4,45,7,34,1,33,32
39,4,45,5,37,8,37,29
40,4,40,7,39,5,35,26
41,7,46,4,46,8,33,27
42,7,40,4,29,1,27,31
43,4,38,7,34,8,30,28
44,1,46,8,34,4,33,32
45,1,54,4,42,2,39,32
46,1,42,7,31,5,31,31
47,1,46,4,46,5,35,26
48,4,47,5,39,7,38,30
49,4,45,1,43,7,33,28
50,4,42,7,37,8,35,29
51,4,58,1,44,7,42,33
52,4,51,1,45,8,44,30
53,4,44,1,34,7,33,31
54,4,49,5,38,8,36,32
55,4,39,7,40,8,35,24
56,7,46,4,40,8,34,30
57,7,36,4,30,5,29,29
58,4,37,7,36,1,30,26
59,1,44,4,35,8,30,32
60,1,55,4,43,2,40,33
61,4,42,1,48,2,34,19
62,4,46,1,40,7,31,31
63,4,45,5,40,7,38,29
64,4,46,1,45,5,33,28
65,4,40,7,37,8,31,27
66,4,50,8,43,1,41,31
67,4,47,1,36,5,34,32
68,4,51,5,38,8,38,32
69,4,41,7,39,8,37,26
70,7,49,4,39,8,36,32
71,7,36,4,31,5,29,29
72,1,50,4,43,2,35,31
73,4,41,7,37,1,32,29
74,4,41,5,38,1,35,27
75,4,41,7,36,2,32,29
76,4,56,1,44,5,41,32
77,4,45,8,36,1,34,31
78,4,39,8,42,7,34,22
79,7,46,8,43,4,37,29
80,7,40,4,30,1,26,31
81,1,48,4,42,2,35,31
82,4,41,9,37,7,36,27
83,4,42,1,39,5,37,26
84,4,43,2,36,7,35,30
85,4,49,1,37,8,33,32
86,4,43,8,43,1,37,26
87,7,44,8,45,4,36,25
88,7,43,4,29,8,29,32
89,1,45,4,37,2,36,31
90,4,43,9,34,1,31,30
91,4,46,1,40,5,39,29
92,4,45,2,36,7,35,31
93,4,58,1,44,5,43,33
94,4,44,8,42,1,35,28
95,7,42,8,44,4,36,23
96,4,45,7,33,1,31,32
97,4,47,2,36,7,33,32
98,4,58,5,46,1,42,33
99,4,47,8,36,1,31,32
100,7,43,8,39,4,35,29
101,1,44,4,31,2,29,32
102,4,48,1,40,5,37,31
103,4,48,2,35,7,34,32
104,4,45,8,35,7,31,32
105,7,45,4,37,8,37,30
106,1,45,4,32,2,29,32
107,1,47,4,43,2,32,30
108,1,41,4,36,2,28,29
109,4,47,1,42,5,38,30
110,4,48,2,36,7,36,32
111,4,59,5,43,1,42,33
112,7,48,4,41,8,35,31
113,7,52,4,41,8,36,32
114,4,46,1,38,5,33,31
115,1,40,4,38,7,31,28
116,4,46,1,44,5,36,28
117,4,49,7,40,2,36,32
118,7,45,4,40,1,32,30
119,7,49,4,41,8,34,32
120,4,49,1,36,5,34,32
121,1,42,4,40,7,37,27
122,4,52,1,42,5,40,31
123,4,50,1,46,2,36,30
124,7,46,4,37,1,32,31
125,4,47,1,38,5,33,31
126,1,48,4,45,2,35,29
127,4,52,8,36,1,35,33
128,1,40,4,43,7,38,21
129,4,51,1,41,5,40,32
130,4,48,7,44,1,33,30
131,1,48,4,43,2,41,29
132,4,49,8,39,1,38,31
133,4,42,1,41,5,33,27
134,4,52,1,40,5,37,32
135,4,50,7,43,5,35,31
136,4,48,7,41,1,34,31
137,1,48,4,43,2,40,30
138,7,50,4,42,8,36,32
139,4,50,7,40,8,34,32
140,4,44,1,42,5,32,28
141,4,46,7,44,8,36,28
142,4,57,1,42,7,41,33
143,4,48,7,42,1,34,31
144,1,49,4,46,2,43,28
145,7,51,4,41,8,37,32
146,4,46,1,43,5,35,28
147,4,46,7,40,8,39,29
148,4,56,7,44,1,40,33
149,4,56,2,48,7,46,31
150,1,45,4,49,2,42,20
151,7,45,4,40,8,39,28
152,4,54,7,44,2,40,32
153,4,50,1,49,5,38,28
154,4,49,8,39,7,36,31
155,4,56,7,46,1,43,32
156,4,51,1,46,2,38,30
157,7,46,4,40,8,37,30
158,4,57,2,42,7,41,32
159,4,48,8,36,7,36,31
160,4,57,1,42,7,41,33
161,4,50,1,39,6,35,32
162,7,51,4,39,8,36,32
163,4,49,7,37,8,37,31
164,4,50,1,38,6,37,32
165,1,51,4,44,5,37,31
166,1,50,4,51,5,37,26
167,4,55,7,41,5,38,33
168,4,50,7,40,5,39,31
169,4,53,1,44,5,37,32
170,4,47,6,36,1,35,32
171,7,42,9,28,5,28,31
172,1,49,4,51,5,38,25
173,4,55,7,44,5,42,32
174,4,48,7,44,5,41,28
175,4,54,1,47,5,38,31
176,4,47,6,36,1,35,31
177,7,41,5,29,8,29,31
178,4,55,7,42,5,40,33
179,4,47,7,48,5,44,24
180,4,51,1,50,5,38,28
181,4,46,1,37,6,32,31
182,7,45,5,34,8,30,32
183,1,57,4,51,5,43,31
184,7,55,4,47,5,41,31
185,4,51,1,49,5,39,29
186,1,57,5,48,4,47,32
187,4,49,1,50,5,38,25
188,4,43,1,37,2,30,30
189,1,56,5,44,4,43,32
190,7,47,4,50,8,38,23
191,4,42,1,39,2,34,28
192,1,53,4,43,2,38,32
193,1,54,5,44,8,38,32
194,4,44,1,42,5,33,27
195,1,49,4,43,5,39,29
196,4,51,7,42,8,38,31
197,4,56,5,41,1,40,33
198,4,45,1,46,5,37,25
199,4,57,5,50,7,45,31
200,4,53,7,44,8,38,32
201,1,47,4,45,8,35,28
202,4,47,7,41,8,37,30
203,4,46,1,44,5,36,28
204,7,47,4,44,6,37,29
205,4,58,5,48,7,47,32
206,4,49,7,46,8,38,29
207,1,48,4,48,8,39,26
208,4,56,7,46,5,40,32
209,4,48,7,41,8,33,31
210,4,45,1,44,5,35,26
211,7,44,4,48,5,35,21
212,4,52,7,47,5,42,30
213,4,46,7,49,8,43,22
214,1,46,4,46,2,40,25
215,4,53,7,46,5,43,31
216,4,47,7,38,8,35,31
217,4,48,7,45,8,36,29
218,4,54,5,43,1,39,32
219,4,46,1,42,5,41,28
220,4,52,7,45,5,38,31
221,1,50,4,42,2,38,31
222,1,47,4,46,2,39,27
223,4,48,7,45,5,40,28
224,4,42,7,40,5,37,26
225,7,50,8,44,4,43,29
226,4,46,7,46,6,36,26
227,4,56,1,43,5,42,32
228,4,48,5,41,1,41,30
229,4,51,7,41,5,37,32
230,1,51,2,42,4,39,32
231,1,43,4,47,2,38,21
232,4,46,7,47,5,44,23
233,4,43,7,42,5,39,25
234,4,53,5,42,2,37,32
235,7,50,8,46,4,39,29
236,4,45,7,47,8,35,24
237,4,53,1,46,5,39,31
238,4,50,1,42,5,40,31
239,7,54,8,47,4,43,31
240,4,46,1,42,2,39,28
241,4,55,1,39,5,38,33
242,4,50,7,41,5,36,31
243,1,50,4,42,2,42,30
244,4,44,7,47,5,47,19
245,4,40,7,42,5,37,22
246,4,50,5,42,2,38,31
247,7,50,8,43,4,38,31
248,4,46,7,46,8,37,26
249,4,53,1,45,7,43,31
250,4,50,1,42,2,39,30
251,7,52,8,46,4,40,31
252,4,45,1,44,2,40,26
253,4,50,7,40,8,39,31
254,1,50,2,44,4,43,30
255,4,48,5,45,7,43,27
256,4,39,7,44,5,40,18
257,4,47,5,43,1,35,30
258,7,48,4,41,8,38,30
259,4,47,7,46,8,38,27
260,4,56,1,43,7,42,32
261,4,46,1,41,5,40,28
262,7,52,8,43,4,38,32
263,7,53,4,48,8,43,30
264,7,42,5,41,4,37,25
265,4,43,1,43,2,41,24
266,1,55,4,40,5,40,32
267,1,48,2,45,4,45,27
268,4,49,7,44,5,43,29
269,4,50,5,40,2,37,31
270,7,49,4,46,8,37,28
271,4,46,8,45,7,41,25
272,4,53,1,43,7,41,32
273,4,43,1,41,5,39,26
274,7,48,8,42,4,37,31
275,7,55,4,48,8,43,31
276,7,42,5,43,8,34,25
277,4,46,2,42,1,40,28
278,1,56,4,42,5,41,32
279,1,48,2,46,4,44,27
280,4,49,7,44,5,42,29
281,4,52,5,41,2,38,32
282,7,49,4,50,8,41,25
283,1,55,2,43,4,39,32
284,4,49,8,47,7,41,27
285,4,52,1,46,7,41,31
286,4,48,1,44,5,39,29
287,7,47,8,44,4,36,29
288,7,42,5,46,8,36,21
289,7,49,4,40,8,33,31
290,4,48,1,44,2,39,29
291,1,51,4,47,5,41,28
292,1,46,2,49,4,41,22
293,5,47,7,42,4,40,29
294,4,48,7,41,5,41,30
295,4,54,5,44,2,38,32
296,7,47,4,49,8,40,24
297,1,53,2,45,4,40,31
298,4,51,8,47,7,45,29
299,4,50,1,43,5,37,31
300,1,55,5,48,2,44,31
301,7,45,4,37,8,34,30
302,4,50,1,48,2,38,28
303,2,48,1,43,4,40,28
304,1,47,4,47,2,43,24
305,5,49,7,46,4,40,28
306,4,50,5,42,7,41,30
307,7,46,4,48,8,41,22
308,1,51,2,44,4,40,31
309,4,54,8,39,1,38,33
310,4,46,8,47,7,45,23
311,4,50,1,41,7,38,31
312,4,50,1,47,5,38,28
313,1,58,2,47,5,47,32
314,7,44,4,40,8,34,29
315,4,49,1,50,2,41,25
316,2,42,1,42,4,38,24
317,1,43,2,49,4,43,15
318,5,46,7,48,8,39,22
319,4,50,5,41,7,36,31
320,4,47,8,42,7,39,29
321,4,51,5,40,1,38,32
322,1,50,2,46,4,39,30
323,4,50,5,42,6,35,30
324,4,54,5,42,8,42,32
325,8,45,7,41,4,32,30
326,4,48,1,39,7,35,31
327,4,50,1,47,5,38,28
328,1,57,2,48,5,45,32
329,7,43,4,46,8,37,22
330,2,52,5,42,1,40,31
331,8,48,4,45,7,42,28
332,4,52,7,48,1,41,29
333,2,39,1,41,4,37,22
334,1,48,4,45,2,44,25
335,5,43,7,43,4,42,22
336,4,49,5,40,7,37,31
337,4,47,8,42,5,36,29
338,4,50,5,40,1,37,31
339,1,49,2,47,4,38,28
340,4,48,5,45,8,34,29
341,4,56,8,45,5,44,32
342,8,46,7,42,4,36,29
343,4,45,1,36,7,33,31
344,1,57,2,44,5,42,33
345,7,47,4,47,8,37,26
346,2,49,5,43,1,41,30
347,8,49,4,47,7,42,28
348,4,48,7,48,1,40,26
349,2,43,1,38,4,38,27
350,1,46,5,44,2,44,24
351,7,48,4,43,8,41,28
352,5,42,4,45,8,41,19
353,4,52,5,40,7,39,32
354,4,50,8,38,7,36,32
355,4,49,5,45,1,36,30
356,4,45,5,46,8,38,24
357,8,47,7,45,4,40,28
358,4,42,5,34,1,33,29
359,7,49,4,49,8,38,27
360,2,44,1,44,5,40,24
361,8,49,4,46,7,42,28
362,4,49,7,43,5,43,27
363,4,46,5,42,7,41,27
364,2,48,5,37,1,37,30
365,1,47,5,46,2,45,25
366,7,44,4,44,8,44,22
367,4,52,8,38,3,38,32
368,4,43,5,47,1,40,18
369,4,43,5,41,8,41,24
370,8,48,7,48,4,44,25
371,4,39,8,34,5,33,27
372,4,42,1,45,5,34,23
373,1,52,5,41,2,39,32
374,1,44,4,41,2,37,27
375,8,44,7,43,4,41,25
376,4,46,5,48,7,37,22
377,4,45,8,42,5,41,26
378,2,56,5,42,1,40,32
379,5,46,4,40,1,40,28
380,1,43,5,44,4,42,21
381,7,42,8,49,4,47,14
382,4,55,5,41,1,40,32
383,4,49,1,38,7,38,30
384,4,53,3,41,8,41,32
385,4,46,5,39,8,39,29
386,8,46,7,47,4,44,24
387,8,50,4,47,7,42,29
388,4,38,1,35,8,34,26
389,4,41,1,44,5,37,22
390,1,52,5,42,2,41,32
391,1,45,4,40,2,39,29
392,7,53,4,43,9,38,32
393,8,43,4,44,7,43,22
394,4,42,8,43,5,41,22
395,2,53,5,47,1,43,30
396,5,45,4,42,1,39,27
397,4,56,5,43,1,42,34
398,1,41,5,45,4,43,17
399,4,43,8,41,6,38,23
400,4,51,8,42,3,39,31
401,4,47,5,38,8,35,31
402,8,46,7,44,4,43,26
403,8,49,4,44,7,40,29
404,4,36,1,38,8,32,22
405,4,41,1,41,5,40,21
406,1,55,5,46,2,41,32
407,1,51,2,38,4,37,32
408,7,44,4,45,8,37,24
409,8,44,4,44,7,42,25
410,5,43,4,42,1,40,24
411,4,34,8,41,5,39,10
412,4,34,8,41,5,39,10
413,2,49,5,52,1,44,21
414,5,45,4,45,1,40,24
415,4,55,5,49,1,42,31
416,8,41,5,38,4,35,26
417,4,40,8,44,9,37,18
418,4,42,8,41,7,41,23
419,8,50,7,42,4,39,30
420,8,49,4,43,7,39,30
421,5,53,2,48,1,46,29
422,1,46,4,34,5,32,31
423,4,39,1,40,5,40,20
424,7,44,4,44,8,40,25
425,8,44,4,42,7,42,26
426,5,45,1,41,4,41,26
427,8,47,4,40,9,38,28
428,5,44,4,41,1,37,27
429,8,40,5,41,4,39,21
430,4,52,2,38,5,36,32
431,1,46,2,53,8,39,17
432,7,47,5,40,8,38,29
433,8,49,5,42,4,42,30
434,5,49,1,47,2,45,26
435,4,40,5,40,1,40,22
436,1,47,5,42,2,34,30
437,7,41,4,43,8,39,21
438,8,43,7,43,4,40,25
439,5,44,4,42,1,40,26
440,8,46,7,40,5,39,27
441,5,43,4,43,1,36,24
442,8,38,5,43,1,38,16
443,4,49,5,39,2,37,31
444,2,53,1,45,8,38,31
445,7,47,5,40,8,37,30
446,8,49,5,43,4,42,30
447,5,49,1,47,2,42,28
448,4,38,5,41,1,41,15
449,1,43,5,41,2,38,26
450,5,43,1,37,4,37,28
451,4,44,8,38,7,37,28
452,8,41,7,44,5,41,18
453,5,43,4,47,1,42,19
454,8,42,7,43,5,38,22
455,5,39,4,41,8,37,20
456,4,57,5,56,2,46,28
457,5,42,1,43,4,39,21
458,4,51,5,38,2,38,32
459,7,49,5,40,8,37,31
460,4,52,5,38,8,36,32
461,8,47,5,47,4,42,25
462,4,45,1,46,5,44,22
463,7,43,4,41,5,41,24
464,5,46,1,45,2,44,25
465,1,42,5,40,2,40,23
466,1,51,5,42,6,36,31
467,5,44,1,40,4,36,28
468,4,39,8,41,7,38,20
469,1,48,4,36,2,33,32
470,8,43,7,42,4,40,24
471,5,42,8,40,4,38,25
472,4,58,5,53,1,46,30
473,4,51,2,40,5,39,31
474,1,41,4,43,5,38,21
475,4,49,5,40,6,38,31
476,8,50,5,50,7,40,27
477,7,39,8,42,5,41,17
478,5,44,1,45,2,43,24
479,1,42,2,43,5,39,23
480,1,48,5,42,2,39,29
481,5,44,1,36,4,34,29
482,1,45,4,40,5,40,27
483,8,46,4,37,7,35,31
484,1,44,4,37,2,35,29
485,8,41,4,42,5,40,20
486,5,45,8,39,4,39,28
487,4,55,5,51,1,49,30
488,2,53,4,39,1,38,33
489,4,46,5,41,7,37,29
490,7,52,5,44,8,41,30
491,4,47,5,42,6,37,28
492,8,48,5,49,7,38,26
493,5,47,1,44,2,44,26
494,4,39,5,38,2,38,21
495,8,46,4,41,5,39,28
496,1,40,2,49,5,37,12
497,1,45,2,44,5,40,25
498,5,44,7,37,8,37,27
499,1,41,5,41,2,39,21
500,8,48,4,37,5,34,32
501,1,44,4,38,2,35,30
502,8,39,5,49,2,41,9
503,5,46,4,41,8,39,29
504,4,55,5,57,1,53,23
505,2,52,4,41,1,37,32
506,4,46,5,46,7,37,25
507,5,49,4,44,8,34,30
508,7,46,8,42,5,41,26
509,5,49,2,40,4,39,30
510,4,45,5,48,1,36,22
511,8,47,5,45,4,38,28
512,5,49,2,45,1,43,29
513,4,39,2,41,5,40,18
514,8,45,5,42,6,37,27
515,1,42,2,45,5,44,19
516,5,44,8,38,7,38,28
517,8,46,5,37,4,35,31
518,5,44,2,42,4,37,26
519,1,42,2,42,4,37,25
520,5,46,4,40,8,40,28
521,2,51,4,43,5,39,31
522,4,45,5,53,7,38,16
523,5,44,4,45,8,37,24
524,5,62,4,56,1,50,31
525,1,41,5,45,2,45,16
526,7,42,8,47,4,38,16
527,5,52,4,40,8,39,31
528,8,48,5,46,4,38,28
529,5,52,2,45,1,41,31
530,4,39,5,42,2,39,17
531,8,47,5,41,7,39,29
532,5,44,8,42,4,37,26
533,5,44,2,43,1,40,26
534,5,55,4,43,8,40,32
535,5,42,2,43,4,38,23
536,1,43,2,44,4,40,24
537,5,51,4,38,2,35,32
538,5,42,4,40,3,37,25
539,8,49,7,38,4,38,31
540,5,60,4,54,1,47,31
541,5,54,4,42,8,40,32
542,8,47,5,47,7,34,26
543,4,45,5,44,8,40,26
544,5,50,4,44,2,41,30
545,8,49,5,41,4,38,31
546,5,44,8,42,9,38,26
547,5,44,2,45,1,39,25
548,5,56,8,43,4,42,32
549,5,44,2,43,4,38,25
550,1,47,2,49,4,44,23
551,2,55,4,43,5,38,32
552,5,45,4,40,3,38,28
553,8,48,7,38,5,35,31
554,5,60,4,55,1,44,30
555,5,56,4,44,2,43,32
556,8,54,7,49,4,42,30
557,8,48,5,47,7,36,27
558,4,47,5,43,8,40,27
559,5,48,4,46,2,42,27
560,8,49,4,40,5,40,30
561,5,47,8,40,7,38,29
562,5,47,2,48,1,38,25
563,5,56,7,42,8,40,32
564,5,41,2,42,7,41,21
565,1,46,2,49,4,44,23
566,2,50,1,41,5,40,31
567,5,48,4,39,3,37,31
568,8,46,6,38,5,37,29
569,5,57,4,45,2,43,32
570,8,53,7,44,5,44,30
571,8,50,5,44,7,36,30
572,4,45,5,45,8,38,24
573,5,48,4,42,2,41,29
574,8,49,5,41,4,41,30
575,2,49,5,46,1,39,29
576,5,45,8,38,4,37,29
577,5,53,8,42,7,40,31
578,5,50,4,45,8,38,30
579,5,41,7,45,2,43,17
580,2,49,5,45,1,43,28
581,2,51,4,45,1,43,30
582,5,52,2,40,3,39,31
583,8,50,9,38,6,36,31
584,5,54,4,47,2,44,30
585,7,48,2,44,5,43,28
586,5,50,4,40,8,38,31
587,8,49,7,36,3,36,31
588,8,52,4,42,5,39,32
589,5,45,2,42,1,42,26
590,8,50,4,40,7,37,31
591,2,47,5,47,1,40,26
592,5,46,8,37,4,36,30
593,5,54,8,44,2,39,32
594,5,46,4,47,8,44,23
595,2,47,5,42,1,40,29
596,2,52,1,41,4,40,32
597,5,52,2,42,3,39,31
598,8,51,9,36,5,35,32
599,5,57,4,46,8,44,32
600,7,52,2,45,5,42,30
601,5,51,8,38,4,37,32
602,8,46,3,38,7,37,30
603,8,54,4,43,7,40,32
604,5,40,1,40,2,39,20
605,8,52,7,40,5,37,32
606,2,46,5,48,1,42,23
607,5,45,4,39,9,36,29
608,5,46,8,47,4,46,21
609,2,41,5,44,1,41,19
610,2,52,4,38,1,38,32
611,7,52,2,44,5,44,30
612,8,43,7,36,2,36,28
613,5,37,2,42,1,39,16
614,2,44,5,47,1,41,22
615,2,39,5,46,1,43,13
616,5,37,2,42,1,39,16
617,5,45,4,41,8,37,28
618,5,51,8,40,2,39,32
619,5,48,8,48,4,44,25
620,5,47,1,44,2,39,29
621,2,43,5,39,1,38,25
622,2,53,5,40,4,37,32
623,5,57,6,43,2,42,33
624,5,56,8,43,2,41,32
625,7,50,5,45,2,41,29
626,8,46,7,36,5,33,31
627,5,49,4,41,8,38,30
628,5,45,2,41,8,40,27
629,5,52,8,49,4,47,28
630,5,48,2,46,1,38,28
631,5,47,1,46,2,42,26
632,2,45,6,43,5,42,25
633,8,51,9,41,5,38,31
634,7,47,2,41,5,40,28
635,8,49,5,36,7,35,32
636,5,46,8,42,4,37,28
637,5,51,2,41,8,41,31
638,5,58,4,47,8,45,32
639,5,49,2,46,1,36,29
640,5,46,2,47,1,45,22
641,2,44,5,42,6,39,25
642,5,50,2,46,4,36,29
643,8,49,5,46,9,36,28
644,5,52,8,46,6,37,31
645,7,37,5,41,2,40,16
646,8,54,5,42,7,39,33
647,8,53,5,49,9,43,29
648,5,47,8,42,7,40,28
649,5,54,8,43,2,40,32
650,5,50,2,45,3,37,30
651,5,43,2,48,3,42,17
652,2,47,5,46,6,36,27
653,5,48,2,47,3,35,27
654,8,47,5,46,9,33,27
655,2,47,3,46,5,43,24
656,5,40,2,41,7,37,22
657,8,50,5,52,9,40,23
658,5,49,8,46,6,40,29
659,5,52,4,49,8,41,29
660,5,51,2,42,1,39,31
661,5,49,2,47,4,37,28
662,8,49,5,49,6,39,26
663,2,50,3,45,5,44,28
664,5,38,2,41,7,37,19
665,8,49,5,46,4,38,28
666,5,54,8,44,6,43,31
667,5,56,4,46,8,43,31
668,5,53,1,42,2,40,31
669,2,41,5,41,1,36,23
670,5,46,2,50,4,41,21
671,8,47,5,52,6,40,20
672,2,57,3,42,5,42,32
673,8,49,5,39,7,37,30
674,5,55,3,42,7,40,32
675,2,51,5,43,4,40,31
676,5,50,8,44,6,39,30
677,2,46,5,46,1,34,26
678,5,44,1,37,2,36,28
679,8,48,4,38,5,37,30
680,5,54,3,43,2,41,32
681,2,55,5,45,4,41,32
682,5,50,8,44,6,40,30
683,2,46,5,44,1,35,28
684,5,46,1,38,2,37,30
685,8,51,5,40,4,38,31
686,5,52,3,43,4,40,30
687,2,54,5,44,4,39,32
688,5,51,6,42,8,42,31
689,2,50,5,44,1,38,30
690,5,47,1,40,2,39,29
691,5,58,8,45,6,42,32
692,5,53,3,44,6,41,31
693,2,52,5,43,4,37,32
694,5,50,6,44,8,39,30
695,5,43,1,39,7,37,25
696,5,52,8,44,6,40,30
697,8,49,5,44,9,37,29
698,5,55,6,42,4,42,32
699,2,48,5,44,4,38,29
700,5,49,6,47,8,40,28
701,5,40,1,38,8,38,23
702,5,52,8,42,6,40,31
703,8,47,5,42,9,38,28
704,5,52,6,44,4,39,31
705,5,45,6,47,8,40,22
706,5,42,8,39,1,39,26
707,5,49,6,43,8,39,30
708,8,47,5,42,9,38,27
709,2,47,5,50,6,41,23
710,5,42,6,46,4,41,18
711,5,42,1,36,2,35,28
712,5,47,6,47,8,37,26
713,6,47,8,40,5,39,29
714,8,43,5,42,9,38,23
715,5,54,6,49,2,48,29
716,5,44,2,41,1,33,28
717,2,55,5,43,3,40,32
718,6,50,8,40,5,39,31
719,8,46,5,44,9,42,25
720,5,49,6,47,4,37,28
721,5,53,6,43,8,39,31
722,5,54,6,53,2,43,27
723,5,46,2,47,6,36,25
724,2,51,5,46,3,42,29
725,6,47,8,41,5,40,27
726,8,45,9,47,5,45,19
727,5,47,6,44,4,37,28
728,5,56,6,46,8,40,32
729,5,52,6,57,2,44,20
730,5,47,2,45,6,37,28
731,2,48,5,47,3,39,28
732,6,58,5,50,2,45,31
733,2,53,5,42,1,38,32
734,6,40,5,39,8,39,20
735,8,45,9,46,5,46,20
736,5,44,6,42,8,35,26
737,8,48,5,46,7,36,28
738,5,58,4,46,7,44,32
739,5,45,2,43,6,40,26
740,2,45,5,50,3,39,20
741,6,56,5,48,2,46,31
742,8,52,9,44,5,38,31
743,2,50,5,39,1,39,31
744,6,38,9,40,5,38,18
745,5,49,2,44,3,38,30
746,5,53,9,46,8,45,30
747,5,36,6,38,8,37,19
748,8,46,5,49,9,36,23
749,5,56,7,45,4,44,32
750,5,44,2,44,6,41,24
751,5,51,6,42,2,37,31
752,6,53,5,47,2,44,31
753,8,49,9,45,5,37,29
754,2,47,1,42,5,40,28
755,6,44,8,44,9,41,23
756,5,48,8,46,9,37,28
757,5,48,2,46,3,40,28
758,5,59,6,48,3,43,32
759,5,55,8,45,9,43,31
760,5,36,8,38,6,38,18
761,5,52,7,46,4,41,30
762,5,45,2,48,6,41,21
763,5,60,6,51,4,44,32
764,5,50,6,40,2,37,31
765,6,54,5,44,2,41,32
766,8,44,9,44,4,36,25
767,2,48,1,42,3,41,29
768,6,46,8,47,9,42,23
769,5,55,6,43,2,40,32
770,5,46,8,47,9,34,26
771,5,51,2,46,3,42,29
772,5,54,6,45,3,41,32
773,5,53,9,42,8,42,31
774,2,47,5,44,6,39,28
775,8,41,5,39,6,37,26
776,8,54,6,39,7,39,32
777,5,50,7,47,9,40,28
778,5,59,4,46,6,43,32
779,5,53,6,39,2,38,32
780,6,53,5,43,2,39,32
781,8,44,9,41,4,37,28
782,2,49,5,42,1,39,29
783,6,44,8,48,5,47,17
784,5,54,6,45,2,40,32
785,8,45,5,43,9,38,27
786,2,51,3,39,6,39,32
787,5,49,2,46,3,43,29
788,5,50,9,44,8,42,30
789,2,49,6,43,5,39,30
790,8,37,5,40,6,38,19
791,8,52,7,42,6,37,32
792,5,49,7,43,9,38,30
793,5,57,4,45,6,42,33
794,5,54,6,42,2,40,32
795,6,50,5,41,2,40,31
796,8,44,9,39,5,36,29
797,5,52,6,47,9,40,29
798,2,55,5,41,1,40,32
799,5,50,6,44,2,38,31
800,5,52,6,41,8,41,31
801,8,43,5,43,9,39,25
802,2,51,6,42,3,38,31
803,5,48,2,49,3,42,25
804,5,45,9,47,8,42,23
805,2,49,6,42,5,40,30
806,8,36,5,42,6,39,14
807,8,50,7,39,9,38,32
808,8,36,5,43,6,40,12
809,5,49,7,38,9,35,31
810,5,50,4,46,6,38,29
811,5,44,6,39,2,38,28
812,5,54,6,46,2,40,31
813,6,48,5,41,2,39,30
814,8,42,9,40,5,40,25
815,5,46,6,49,9,38,22
816,2,52,1,40,5,38,32
817,5,51,6,45,2,38,31
818,5,50,6,43,8,43,30
819,8,41,5,45,9,39,20
820,2,49,6,43,3,34,31
821,5,57,6,46,2,45,32
822,5,48,9,44,8,37,29
823,2,52,3,44,5,44,31
824,2,45,5,45,1,44,23
825,8,46,9,41,6,36,29
826,5,44,8,41,9,40,26
827,5,49,9,36,8,35,32
828,5,44,4,46,6,42,21
829,5,45,2,40,6,39,28
830,5,53,6,45,2,39,31
831,6,47,2,37,5,37,31
832,8,41,5,41,9,40,23
833,2,46,1,40,5,36,30
834,5,50,6,43,9,38,31
835,2,54,5,40,1,39,32
836,6,46,9,43,5,42,26
837,5,50,6,42,8,40,30
838,2,49,6,42,5,37,31
839,5,52,2,48,6,47,28
840,5,50,9,42,6,40,31
841,2,53,3,46,5,44,31
842,2,45,5,50,1,44,18
843,8,46,9,39,6,34,30
844,5,52,9,42,2,38,31
845,5,42,8,43,9,39,23
846,5,48,9,38,8,35,31
847,5,43,6,44,4,42,22
848,5,44,6,42,2,40,26
849,5,51,6,42,7,37,31
850,5,52,2,44,1,41,30
851,6,49,5,40,2,34,32
852,8,45,5,42,9,39,27
853,2,48,1,41,3,38,30
854,5,51,6,42,9,39,31
855,2,54,3,41,5,40,32
856,6,43,9,47,5,43,19
857,5,49,6,42,8,39,30
858,2,45,6,42,5,39,28
859,5,50,2,48,6,46,27
860,5,48,9,42,6,38,30
861,2,52,3,45,5,44,30
862,5,51,9,42,2,39,31
863,5,41,8,43,9,42,20
864,5,43,9,40,8,35,26
865,9,47,5,43,6,42,28
866,5,48,6,49,2,42,25
867,5,42,9,42,6,40,22
868,5,50,6,44,9,40,30
869,5,54,2,42,6,39,32
870,6,50,5,44,2,35,31
871,8,48,5,45,9,41,28
872,2,48,1,41,3,40,30
873,5,52,6,43,9,37,31
874,2,50,3,46,6,39,31
875,5,51,6,40,8,39,31
876,2,41,5,40,3,38,23
877,5,47,6,46,2,46,25
878,5,43,9,39,6,37,26
879,2,54,3,42,5,39,32
880,8,47,9,44,7,33,29
881,9,43,8,42,5,41,24
882,5,52,2,40,9,39,32
883,5,45,9,40,6,40,26
884,9,45,5,42,6,41,26
885,5,50,6,51,2,43,24
886,5,43,9,42,2,35,25
887,5,49,6,46,9,43,26
888,6,49,5,45,2,41,28
889,8,48,5,47,9,43,27
890,2,48,1,39,3,37,31
891,5,53,6,43,9,38,32
892,2,48,3,47,6,37,31
893,2,52,3,46,5,39,30
894,5,52,6,41,8,38,32
895,2,38,5,39,3,38,20
896,5,45,6,46,2,46,22
897,5,39,8,43,9,39,18
898,2,54,3,43,6,40,32
899,8,48,9,42,5,36,30
900,9,44,5,39,8,39,27
901,5,50,2,37,6,37,32
902,5,46,6,48,9,40,23
903,9,44,5,42,6,40,24
904,5,53,6,57,2,43,21
905,5,44,9,38,8,37,28
906,8,44,9,39,5,38,28
907,5,44,9,45,6,40,22
908,5,58,3,48,6,42,32
909,6,47,5,43,2,40,29
910,8,49,5,48,9,41,27
911,2,47,1,38,3,35,31
912,5,51,6,45,9,39,30
913,2,47,3,48,6,36,29
914,2,53,3,47,5,38,31
915,2,36,6,35,3,32,22
916,2,56,3,48,6,45,32
917,2,46,6,44,5,41,25
918,6,57,5,54,2,44,29
919,9,45,8,42,5,41,27
920,5,43,6,45,9,38,23
921,9,41,8,41,5,39,22
922,5,45,8,41,6,34,28
923,8,46,9,40,5,36,29
924,5,57,6,45,3,43,32
925,6,45,5,42,2,39,28
926,8,48,5,49,9,42,24
927,5,45,6,50,9,41,19
928,2,45,3,44,5,34,34
929,9,49,5,43,6,39,30
930,5,52,6,48,9,40,30
931,2,33,5,35,3,33,18
932,2,55,3,47,6,43,31
933,2,42,6,46,5,41,19
934,6,52,5,54,2,44,24
935,8,47,9,46,6,35,28
936,9,46,5,43,8,42,27
937,5,39,6,40,8,35,21
938,9,41,5,41,8,38,23
939,5,46,6,39,8,39,29
940,8,50,9,45,5,36,30
941,5,51,6,50,3,45,25
942,6,48,2,40,5,39,30
943,6,50,5,46,2,39,29
944,6,42,5,44,3,41,22
945,8,47,5,51,9,48,20
946,2,50,5,40,3,38,31
947,2,44,3,42,6,37,34
948,2,56,3,51,5,41,30
949,9,48,5,42,6,40,30
950,5,55,6,53,9,43,28
951,2,34,5,38,6,32,18
952,2,51,3,48,6,40,29
953,6,47,5,51,2,47,19
954,8,43,9,48,6,36,21
955,9,45,5,43,8,41,26
956,5,40,3,40,6,39,23
957,9,42,6,38,5,37,26
958,5,39,2,35,3,31,28
959,5,48,6,46,2,45,24
960,5,47,6,42,8,35,30
961,5,48,6,49,2,47,20
962,6,46,5,41,2,37,29
963,6,51,5,44,2,38,31
964,2,49,5,40,3,40,31
965,2,45,3,45,6,38,34
966,2,54,3,50,5,40,30
967,9,48,5,41,6,39,30
968,5,59,6,52,9,44,31
969,5,45,6,43,3,41,26
970,9,58,5,52,8,46,30
971,9,51,8,39,6,36,32
972,5,50,6,44,2,35,30
973,9,50,8,45,5,42,29
974,5,44,2,50,6,50,14
975,5,38,6,44,3,42,15
976,9,40,6,41,8,39,21
977,5,43,2,36,3,35,30
978,5,44,6,51,2,43,14
979,5,44,6,43,8,36,27
980,8,49,9,44,5,40,28
981,6,43,5,43,2,39,25
982,6,52,5,45,2,38,31
983,2,49,6,50,5,43,25
984,2,48,3,39,5,38,31
985,2,49,3,50,6,38,28
986,9,48,5,39,7,39,31
987,5,37,6,45,3,40,13
988,5,60,6,52,9,45,31
989,5,41,6,45,2,38,19
990,9,59,5,52,8,46,31
991,2,54,3,45,6,40,31
992,6,56,5,44,2,43,32
993,6,45,3,38,9,37,28
994,5,47,6,40,1,35,30
995,9,53,8,45,5,43,31
996,9,42,6,44,5,40,22
997,5,44,2,41,3,37,28
998,5,43,6,43,8,38,26
999,8,49,9,43,5,42,29
1000,6,46,3,41,5,40,28
1001,6,44,5,45,2,37,25
1002,2,49,3,38,5,37,31
1003,2,50,3,54,5,39,22
1004,9,48,7,39,6,37,30
1005,5,53,6,52,9,47,26
1006,9,59,5,52,8,44,31
1007,2,54,6,43,3,41,32
1008,6,53,2,45,3,40,31
1009,6,57,5,46,2,45,32
1010,6,46,9,36,5,36,30
1011,5,49,6,46,1,37,29
1012,9,52,8,48,5,47,28
1013,3,56,2,48,5,43,31
1014,9,48,5,43,6,41,29
1015,5,41,2,41,3,39,24
1016,5,46,6,45,8,40,27
1017,8,50,9,44,5,43,29
1018,6,45,3,44,5,40,26
1019,6,46,5,48,2,36,24
1020,2,52,3,41,5,40,32
1021,9,52,7,41,6,40,31
1022,5,47,6,53,9,46,18
1023,2,55,3,44,6,44,32
1024,3,56,2,49,6,41,31
1025,6,54,2,42,3,41,32
1026,6,56,2,44,5,43,32
1027,6,47,5,38,9,35,31
1028,6,52,5,47,9,45,29
1029,9,48,8,51,5,45,21
1030,3,60,2,47,5,44,32
1031,9,48,5,42,6,41,30
1032,5,40,3,41,2,40,22
1033,5,47,6,47,8,39,26
1034,8,47,9,46,5,42,25
1035,6,43,3,43,5,36,25
1036,6,46,5,48,3,36,24
1037,2,50,5,43,3,40,31
1038,9,52,8,42,7,42,30
1039,9,55,5,46,6,39,32
1040,9,53,8,48,5,39,30
1041,2,48,3,47,6,47,22
1042,3,55,2,49,6,40,31
1043,6,47,2,43,3,42,27
1044,8,53,9,47,5,40,30
1045,6,52,2,39,3,38,32
1046,6,46,5,37,3,35,31
1047,6,49,9,46,5,46,27
1048,9,50,5,38,6,38,32
1049,5,38,3,46,2,40,12
1050,5,43,6,45,8,40,22
1051,8,39,9,45,5,44,13
1052,6,46,3,42,5,32,29
1053,2,42,6,48,3,47,14
1054,6,46,5,45,3,39,26
1055,2,46,5,44,3,40,27
1056,9,53,8,45,7,42,31
1057,9,54,5,41,6,41,32
1058,9,50,8,44,5,36,31
1059,3,48,2,42,5,37,30
1060,6,50,3,49,2,41,27
1061,9,45,5,44,6,43,24
1062,6,42,3,45,2,43,19
1063,8,51,9,47,6,38,29
1064,6,54,3,39,9,39,32
1065,6,46,9,37,5,36,30
1066,6,47,9,42,5,41,29
1067,3,53,2,44,5,43,31
1068,9,51,6,38,5,36,32
1069,6,47,2,43,3,39,28
1070,6,42,8,40,5,39,26
1071,2,43,3,41,5,41,24
1072,9,48,8,45,5,45,25
1073,9,50,8,41,5,35,32
1074,3,50,2,40,6,39,31
1075,6,52,3,52,2,38,26
1076,9,45,6,43,5,42,26
1077,6,41,3,44,2,43,18
1078,8,48,9,48,6,37,26
1079,6,49,9,37,5,36,32
1080,3,51,5,45,1,43,30
1081,6,47,2,43,3,39,28
1082,6,43,8,41,5,38,27
1083,2,40,3,44,6,40,17
1084,9,45,5,45,6,42,23
1085,3,49,2,40,6,40,30
1086,9,47,6,41,8,39,29
1087,3,44,6,43,2,42,23
1088,8,46,9,47,6,35,25
1089,3,52,5,42,1,38,32
1090,3,49,2,42,6,41,30
1091,9,53,6,39,8,36,33
1092,6,45,3,46,5,35,25
1093,6,50,3,40,2,39,31
1094,6,45,8,36,5,36,30
1095,9,46,5,43,6,41,27
1096,3,57,6,42,5,42,32
1097,9,42,6,41,8,38,24
1098,3,44,2,45,6,44,22
1099,8,47,9,45,5,35,28
1100,6,52,5,42,9,36,31
1101,6,52,5,38,9,37,33
1102,3,54,5,38,2,38,33
1103,3,49,2,43,6,40,30
1104,9,48,6,39,8,37,31
1105,6,41,3,46,4,36,19
1106,6,55,5,41,2,40,32
1107,6,41,5,37,9,34,27
1108,9,45,5,43,6,41,26
1109,9,41,6,43,5,40,20
1110,3,46,2,46,6,44,24
1111,8,50,9,50,5,41,26
1112,3,44,6,40,4,34,29
1113,6,51,5,46,3,41,29
1114,6,53,5,38,9,38,33
1115,3,50,6,45,2,43,29
1116,9,50,6,39,8,38,32
1117,6,42,5,40,9,36,26
1118,9,47,5,44,8,40,28
1119,9,43,6,44,8,39,24
1120,3,46,2,46,6,43,24
1121,8,50,9,50,5,41,26
1122,3,42,6,41,5,34,27
1123,6,51,5,42,3,40,30
1124,3,50,6,46,2,44,28
1125,9,49,8,39,6,38,32
1126,6,45,5,39,9,39,29
1127,9,47,5,39,6,36,31
1128,9,42,6,41,8,38,25
1129,3,45,2,46,6,44,23
1130,8,47,9,52,6,43,19
1131,3,42,6,45,5,39,22
1132,3,48,6,48,2,44,25
1133,9,51,6,40,8,37,32
1134,6,51,3,42,5,40,31
1135,9,52,6,47,8,46,29
1136,6,45,9,38,5,34,31
1137,9,47,6,39,5,36,31
1138,6,44,3,44,5,36,25
1139,9,43,6,42,8,39,26
1140,3,50,2,46,6,42,28
1141,3,53,2,47,6,47,29
1142,6,56,5,42,3,42,32
1143,9,55,8,45,6,43,31
1144,6,44,9,38,5,32,31
1145,9,39,6,42,5,35,22
1146,6,40,5,40,3,37,22
1147,9,45,8,47,6,40,24
1148,3,54,2,47,6,40,31
1149,3,52,2,46,6,45,30
1150,9,50,6,46,8,37,30
1151,6,55,3,45,5,41,32
1152,6,52,5,38,3,37,32
1153,9,57,8,43,6,40,33
1154,6,49,5,36,9,34,32
1155,6,39,3,40,5,39,22
1156,9,49,8,50,6,40,25
1157,6,44,9,38,3,35,29
1158,3,53,6,46,2,44,31
1159,9,45,6,51,8,38,19
1160,6,52,3,43,2,42,31
1161,6,50,9,37,5,36,33
1162,6,40,3,45,5,37,19
1163,9,52,8,53,6,40,26
1164,6,48,9,43,8,41,29
1165,3,56,2,45,5,40,32
1166,6,45,9,42,3,34,29
1167,3,53,6,44,2,40,32
1168,6,55,2,43,3,42,32
1169,6,50,5,40,3,37,32
1170,3,48,6,40,5,39,31
1171,6,50,9,46,8,39,29
1172,6,47,9,44,3,34,29
1173,3,56,6,46,2,41,32
1174,6,50,3,43,5,39,31
1175,3,53,5,41,6,36,32
1176,9,51,8,49,6,38,29
1177,6,50,9,45,8,36,30
1178,3,52,5,40,6,36,32
1179,9,44,8,47,6,40,22
1180,6,49,9,43,8,38,30
1181,6,51,9,46,5,41,30
1182,3,51,5,38,6,36,33
1183,9,40,8,43,6,41,20
1184,6,48,9,44,8,39,29
1185,9,40,8,44,6,44,16
1186,6,50,9,49,5,42,27
1187,3,49,6,39,5,36,32
1188,6,50,9,48,8,38,28
1189,8,46,6,45,9,41,25
1190,6,52,3,48,2,40,29
1191,3,54,6,52,2,40,29
1192,6,50,9,48,5,40,28
1193,3,47,6,42,5,35,30
1194,8,45,6,45,9,41,25
1195,6,50,9,47,5,39,29
1196,3,49,6,40,5,35,32
1197,8,44,6,43,9,41,25
1198,6,53,9,46,5,39,31
1199,6,51,9,45,3,36,31
1200,8,40,9,44,6,41,19
1201,6,53,9,52,8,42,27
1202,3,56,6,49,8,40,31
1203,9,48,6,41,8,38,30
1204,6,55,9,46,5,44,32
1205,6,52,9,48,3,39,30
1206,6,52,9,49,8,39,30
1207,6,59,5,45,9,44,33
1208,3,46,6,40,5,34,31
1209,6,52,9,46,3,38,31
1210,6,51,9,47,8,37,30
1211,3,58,6,50,5,47,31
1212,3,40,6,38,9,32,26
1213,6,51,9,44,3,37,31
1214,6,47,9,47,8,39,26
1215,3,55,6,55,5,42,26
1216,3,43,6,39,9,32,29
1217,6,60,9,47,5,44,33
1218,6,52,9,42,3,35,32
1219,6,48,9,52,8,37,21
1220,3,44,6,41,9,33,29
1221,6,59,9,47,5,42,33
1222,6,53,3,47,9,40,31
1223,6,46,9,44,3,35,27
1224,3,59,6,48,5,44,32
1225,3,45,6,41,9,33,29
1226,6,49,9,42,3,40,30
1227,6,45,9,47,3,37,22
1228,6,50,3,36,5,34,33
1229,3,42,6,40,9,34,26
1230,6,46,9,43,3,35,28
1231,9,50,6,37,3,36,32
1232,9,50,6,42,3,40,31
1233,6,44,5,35,8,32,30
1234,3,41,6,41,9,30,27
1235,6,53,9,41,8,39,32
1236,6,46,9,41,8,37,29
1237,9,45,6,43,3,36,27
1238,9,50,6,42,3,42,31
1239,6,39,8,37,5,35,24
1240,3,38,6,38,9,31,26
1241,6,51,8,40,9,35,32
1242,6,45,9,38,8,38,29
1243,9,43,6,47,3,37,20
1244,9,51,6,42,3,42,31
1245,6,45,5,36,8,35,29
1246,9,48,6,40,3,33,31
1247,3,36,6,39,9,30,22
1248,6,49,8,40,9,35,31
1249,6,49,3,37,5,36,32
1250,6,47,8,41,2,36,30
1251,9,47,6,39,3,38,31
1252,6,49,5,36,8,33,32
1253,6,42,3,37,9,31,30
1254,9,41,6,44,3,35,20
1255,6,47,8,37,5,37,30
1256,6,51,5,37,3,37,32
1257,6,50,8,39,9,37,32
1258,6,48,5,42,9,33,31
1259,9,47,3,37,6,37,31
1260,3,51,6,45,9,40,31
1261,6,49,9,39,2,34,32
1262,6,44,9,44,2,34,26
1263,6,42,3,40,9,32,28
1264,6,44,9,41,3,37,27
1265,3,49,5,36,6,36,32
1266,6,42,9,35,8,34,29
1267,6,47,3,38,5,37,31
1268,6,50,9,38,8,37,32
1269,6,47,5,43,9,36,29
1270,9,45,6,41,3,35,28
1271,3,48,6,43,9,34,31
1272,6,48,5,38,9,37,31
1273,9,49,5,36,6,33,32
1274,6,41,9,44,2,32,22
1275,6,42,3,41,1,31,27
1276,6,44,3,44,9,35,26
1277,6,46,9,44,3,36,28
1278,6,39,9,34,5,32,28
1279,6,49,3,42,5,39,31
1280,9,41,6,37,2,33,28
1281,6,47,5,42,9,41,29
1282,9,43,6,41,5,39,25
1283,3,43,6,40,9,32,29
1284,6,50,5,38,9,37,32
1285,9,49,5,36,3,36,32
1286,3,45,6,39,2,33,32
1287,6,44,3,40,1,34,29
1288,6,43,3,43,9,36,25
1289,6,44,9,47,2,33,23
